Algorithm,Level,Delta,Number of Communities,Nodes in Largest Community,Community Sizes,Singletons,Modularity,Closeness Centrality,ARI (L1),RI (L1),ARI (L2),RI (L2),Communities
Paris,L1,0.5,2.0,219.0,"[219, 165]",0.0,0.3959463008094039,0.6191971352554942,0.25631308972277417,0.624687228024369,,,"[[277, 254, 258, 285, 311, 313, 358, 296, 328, 305, 306, 291, 307, 284, 322, 298, 295, 302, 327, 301, 309, 261, 30, 297, 308, 259, 367, 188, 299, 326, 320, 253, 219, 312, 283, 282, 288, 300, 303, 223, 304, 203, 247, 287, 124, 213, 252, 207, 280, 294, 234, 218, 217, 209, 323, 324, 246, 238, 257, 233, 249, 275, 260, 256, 206, 204, 325, 248, 269, 227, 139, 202, 281, 316, 341, 319, 317, 224, 241, 255, 279, 314, 226, 211, 318, 333, 370, 342, 369, 343, 329, 375, 347, 315, 289, 267, 321, 293, 310, 348, 340, 335, 338, 377, 349, 373, 381, 371, 336, 374, 372, 353, 351, 355, 332, 378, 337, 330, 278, 345, 286, 350, 339, 362, 55, 6, 5, 363, 43, 4, 7, 380, 365, 334, 357, 382, 368, 354, 356, 44, 366, 346, 360, 376, 359, 58, 8, 3, 352, 290, 66, 292, 9, 42, 344, 41, 31, 65, 364, 361, 379, 383, 22, 10, 15, 186, 236, 48, 119, 25, 60, 56, 50, 57, 190, 128, 62, 21, 187, 24, 133, 28, 27, 36, 14, 54, 61, 239, 52, 35, 23, 37, 33, 38, 39, 180, 189, 0, 45, 12, 126, 1, 13, 49, 20, 331, 46, 40, 147, 125, 17, 18, 16, 19, 59, 26, 51, 34, 53], [75, 103, 154, 166, 173, 221, 178, 214, 114, 264, 107, 169, 194, 82, 230, 129, 231, 232, 240, 270, 205, 208, 265, 216, 167, 11, 110, 73, 115, 164, 120, 159, 161, 136, 222, 105, 91, 196, 235, 176, 137, 146, 210, 237, 268, 228, 88, 78, 111, 143, 225, 165, 118, 158, 170, 201, 71, 212, 262, 90, 273, 266, 70, 229, 87, 104, 100, 192, 184, 181, 117, 141, 121, 150, 155, 109, 68, 67, 94, 92, 85, 272, 191, 134, 245, 162, 195, 138, 130, 243, 220, 251, 168, 200, 250, 96, 140, 263, 93, 271, 32, 29, 97, 244, 185, 84, 197, 193, 151, 116, 77, 79, 95, 102, 101, 171, 149, 2, 122, 69, 153, 123, 106, 199, 131, 144, 108, 99, 152, 157, 145, 83, 135, 76, 160, 80, 113, 156, 98, 127, 183, 86, 276, 112, 172, 63, 81, 198, 179, 177, 89, 47, 175, 148, 242, 142, 182, 132, 215, 274, 64, 163, 72, 74, 174]]"
Paris,L2,0.5,5.0,114.0,"[114, 87, 72, 60, 51]",0.0,0.39369657401498176,0.8143847227592275,,,0.10287632934550031,0.7776560788608982,"[[115, 100, 154, 184, 192, 158, 170, 173, 166, 165, 193, 222, 221, 178, 114, 121, 185, 264, 110, 214, 107, 169, 194, 82, 273, 232, 230, 240, 270, 129, 205, 208, 265, 216, 231, 167, 11, 70, 73, 143, 225, 103, 75, 120, 164, 159, 161, 136, 196, 91, 235, 176, 137, 210, 268, 237, 146, 228, 105, 118, 262, 212, 78, 95, 102, 87, 229, 104, 141, 181, 117, 84, 191, 134, 140, 250, 245, 162, 93, 200, 138, 130, 271, 195, 168, 243, 251, 220, 244, 85, 71, 150, 123, 201, 90, 266, 69, 94, 155, 272, 197, 109, 96, 92, 68, 263, 108, 29, 32, 97, 67, 199, 77, 79], [314, 279, 255, 224, 241, 211, 226, 281, 316, 341, 319, 317, 318, 333, 370, 342, 369, 343, 329, 375, 347, 315, 289, 267, 321, 293, 310, 348, 340, 335, 338, 377, 349, 373, 381, 371, 336, 374, 372, 353, 351, 355, 332, 378, 337, 330, 350, 339, 278, 345, 286, 364, 361, 383, 379, 362, 65, 380, 365, 334, 357, 382, 368, 7, 346, 360, 376, 344, 363, 352, 290, 66, 292, 9, 3, 42, 359, 58, 8, 6, 354, 55, 366, 356, 44, 41, 31], [323, 324, 207, 246, 247, 203, 294, 204, 280, 209, 213, 252, 325, 139, 227, 234, 218, 217, 124, 202, 233, 206, 256, 249, 275, 260, 257, 248, 269, 238, 287, 304, 306, 312, 303, 283, 223, 282, 288, 300, 309, 261, 297, 259, 308, 30, 367, 188, 299, 326, 320, 253, 219, 327, 307, 322, 298, 284, 295, 302, 291, 301, 311, 313, 358, 296, 328, 285, 258, 254, 305, 277], [54, 14, 5, 28, 15, 48, 133, 56, 50, 60, 57, 190, 25, 236, 128, 186, 62, 187, 21, 24, 180, 10, 35, 22, 52, 27, 239, 61, 119, 23, 37, 147, 51, 16, 18, 26, 17, 34, 125, 19, 59, 53, 45, 39, 38, 189, 0, 20, 331, 13, 36, 40, 1, 49, 126, 43, 4, 46, 12, 33], [174, 99, 88, 171, 152, 157, 145, 83, 135, 76, 106, 72, 163, 160, 149, 80, 113, 127, 153, 156, 98, 183, 86, 276, 112, 242, 142, 81, 182, 172, 148, 63, 215, 274, 132, 64, 175, 179, 177, 89, 198, 47, 2, 122, 74, 101, 116, 144, 131, 151, 111]]"
LFM,L1,0.5,2.0,384.0,"[384, 226]",0.0,0.40579002689859534,0.4507375406137505,0.2389895085953886,0.6135498259355961,,,"[[0, 1, 2, 3, 4, 5, 6, 7, 8, 9, 10, 11, 12, 13, 14, 15, 16, 17, 18, 19, 20, 21, 22, 23, 24, 25, 26, 27, 28, 29, 30, 31, 32, 33, 34, 35, 36, 37, 38, 39, 40, 41, 42, 43, 44, 45, 46, 47, 48, 49, 50, 51, 52, 53, 54, 55, 56, 57, 58, 59, 60, 61, 62, 63, 64, 65, 66, 67, 68, 69, 70, 71, 72, 73, 74, 75, 76, 77, 78, 79, 80, 81, 82, 83, 84, 85, 86, 87, 88, 89, 90, 91, 92, 93, 94, 95, 96, 97, 98, 99, 100, 101, 102, 103, 104, 105, 106, 107, 108, 109, 110, 111, 112, 113, 114, 115, 116, 117, 118, 119, 120, 121, 122, 123, 124, 125, 126, 127, 128, 129, 130, 131, 132, 133, 134, 135, 136, 137, 138, 139, 140, 141, 142, 143, 144, 145, 146, 147, 148, 149, 150, 151, 152, 153, 154, 155, 156, 157, 158, 159, 160, 161, 162, 163, 164, 165, 166, 167, 168, 169, 170, 171, 172, 173, 174, 175, 176, 177, 178, 179, 180, 181, 182, 183, 184, 185, 186, 187, 188, 189, 190, 191, 192, 193, 194, 195, 196, 197, 198, 199, 200, 201, 202, 203, 204, 205, 206, 207, 208, 209, 210, 211, 212, 213, 214, 215, 216, 217, 218, 219, 220, 221, 222, 223, 224, 225, 226, 227, 228, 229, 230, 231, 232, 233, 234, 235, 236, 237, 238, 239, 240, 241, 242, 243, 244, 245, 246, 247, 248, 249, 250, 251, 252, 253, 254, 255, 256, 257, 258, 259, 260, 261, 262, 263, 264, 265, 266, 267, 268, 269, 270, 271, 272, 273, 274, 275, 276, 277, 278, 279, 280, 281, 282, 283, 284, 285, 286, 287, 288, 289, 290, 291, 292, 293, 294, 295, 296, 297, 298, 299, 300, 301, 302, 303, 304, 305, 306, 307, 308, 309, 310, 311, 312, 313, 314, 315, 316, 317, 318, 319, 320, 321, 322, 323, 324, 325, 326, 327, 328, 329, 330, 331, 332, 333, 334, 335, 336, 337, 338, 339, 340, 341, 342, 343, 344, 345, 346, 347, 348, 349, 350, 351, 352, 353, 354, 355, 356, 357, 358, 359, 360, 361, 362, 363, 364, 365, 366, 367, 368, 369, 370, 371, 372, 373, 374, 375, 376, 377, 378, 379, 380, 381, 382, 383], [0, 1, 3, 4, 5, 6, 7, 8, 9, 10, 12, 13, 14, 15, 16, 17, 18, 19, 20, 21, 22, 23, 24, 25, 26, 27, 28, 30, 31, 33, 34, 35, 36, 37, 38, 39, 40, 41, 42, 43, 44, 45, 46, 47, 48, 49, 50, 51, 52, 53, 54, 55, 56, 57, 58, 59, 60, 61, 62, 64, 65, 66, 89, 119, 125, 126, 128, 132, 133, 139, 147, 179, 180, 186, 187, 188, 189, 190, 198, 202, 203, 204, 206, 207, 208, 209, 211, 213, 217, 218, 219, 223, 224, 226, 233, 234, 236, 238, 239, 241, 246, 247, 248, 249, 252, 253, 254, 255, 256, 257, 258, 259, 260, 261, 265, 267, 269, 274, 275, 277, 278, 279, 280, 281, 282, 283, 284, 285, 286, 287, 288, 289, 290, 291, 292, 293, 294, 295, 296, 297, 298, 299, 300, 301, 302, 303, 304, 305, 306, 307, 308, 309, 310, 311, 312, 313, 314, 315, 316, 317, 318, 319, 320, 321, 322, 323, 324, 325, 326, 327, 328, 329, 330, 331, 332, 333, 334, 335, 336, 337, 338, 339, 340, 341, 342, 343, 344, 345, 346, 347, 348, 349, 350, 351, 352, 353, 354, 355, 356, 357, 358, 359, 360, 361, 362, 363, 364, 365, 366, 367, 368, 369, 370, 371, 372, 373, 374, 375, 376, 377, 378, 379, 380, 381, 382, 383]]"
LFM,L2,0.5,5.0,384.0,"[384, 228, 226, 226, 226]",0.0,0.4055955967351925,0.4495977945161226,,,0.05677068367434599,0.5382256297918948,"[[0, 1, 2, 3, 4, 5, 6, 7, 8, 9, 10, 11, 12, 13, 14, 15, 16, 17, 18, 19, 20, 21, 22, 23, 24, 25, 26, 27, 28, 29, 30, 31, 32, 33, 34, 35, 36, 37, 38, 39, 40, 41, 42, 43, 44, 45, 46, 47, 48, 49, 50, 51, 52, 53, 54, 55, 56, 57, 58, 59, 60, 61, 62, 63, 64, 65, 66, 67, 68, 69, 70, 71, 72, 73, 74, 75, 76, 77, 78, 79, 80, 81, 82, 83, 84, 85, 86, 87, 88, 89, 90, 91, 92, 93, 94, 95, 96, 97, 98, 99, 100, 101, 102, 103, 104, 105, 106, 107, 108, 109, 110, 111, 112, 113, 114, 115, 116, 117, 118, 119, 120, 121, 122, 123, 124, 125, 126, 127, 128, 129, 130, 131, 132, 133, 134, 135, 136, 137, 138, 139, 140, 141, 142, 143, 144, 145, 146, 147, 148, 149, 150, 151, 152, 153, 154, 155, 156, 157, 158, 159, 160, 161, 162, 163, 164, 165, 166, 167, 168, 169, 170, 171, 172, 173, 174, 175, 176, 177, 178, 179, 180, 181, 182, 183, 184, 185, 186, 187, 188, 189, 190, 191, 192, 193, 194, 195, 196, 197, 198, 199, 200, 201, 202, 203, 204, 205, 206, 207, 208, 209, 210, 211, 212, 213, 214, 215, 216, 217, 218, 219, 220, 221, 222, 223, 224, 225, 226, 227, 228, 229, 230, 231, 232, 233, 234, 235, 236, 237, 238, 239, 240, 241, 242, 243, 244, 245, 246, 247, 248, 249, 250, 251, 252, 253, 254, 255, 256, 257, 258, 259, 260, 261, 262, 263, 264, 265, 266, 267, 268, 269, 270, 271, 272, 273, 274, 275, 276, 277, 278, 279, 280, 281, 282, 283, 284, 285, 286, 287, 288, 289, 290, 291, 292, 293, 294, 295, 296, 297, 298, 299, 300, 301, 302, 303, 304, 305, 306, 307, 308, 309, 310, 311, 312, 313, 314, 315, 316, 317, 318, 319, 320, 321, 322, 323, 324, 325, 326, 327, 328, 329, 330, 331, 332, 333, 334, 335, 336, 337, 338, 339, 340, 341, 342, 343, 344, 345, 346, 347, 348, 349, 350, 351, 352, 353, 354, 355, 356, 357, 358, 359, 360, 361, 362, 363, 364, 365, 366, 367, 368, 369, 370, 371, 372, 373, 374, 375, 376, 377, 378, 379, 380, 381, 382, 383], [0, 1, 3, 4, 5, 6, 7, 8, 9, 10, 12, 13, 14, 15, 16, 17, 18, 19, 20, 21, 22, 23, 24, 25, 26, 27, 28, 30, 31, 33, 34, 35, 36, 37, 38, 39, 40, 41, 42, 43, 44, 45, 46, 47, 48, 49, 50, 51, 52, 53, 54, 55, 56, 57, 58, 59, 60, 61, 62, 64, 65, 66, 89, 119, 124, 125, 126, 128, 132, 133, 139, 147, 179, 180, 186, 187, 188, 189, 190, 198, 202, 203, 204, 206, 207, 208, 209, 211, 213, 217, 218, 219, 223, 224, 226, 227, 233, 234, 236, 238, 239, 241, 246, 247, 248, 249, 252, 253, 254, 255, 256, 257, 258, 259, 260, 261, 265, 267, 269, 274, 275, 277, 278, 279, 280, 281, 282, 283, 284, 285, 286, 287, 288, 289, 290, 291, 292, 293, 294, 295, 296, 297, 298, 299, 300, 301, 302, 303, 304, 305, 306, 307, 308, 309, 310, 311, 312, 313, 314, 315, 316, 317, 318, 319, 320, 321, 322, 323, 324, 325, 326, 327, 328, 329, 330, 331, 332, 333, 334, 335, 336, 337, 338, 339, 340, 341, 342, 343, 344, 345, 346, 347, 348, 349, 350, 351, 352, 353, 354, 355, 356, 357, 358, 359, 360, 361, 362, 363, 364, 365, 366, 367, 368, 369, 370, 371, 372, 373, 374, 375, 376, 377, 378, 379, 380, 381, 382, 383], [0, 1, 3, 4, 5, 6, 7, 8, 9, 10, 12, 13, 14, 15, 16, 17, 18, 19, 20, 21, 22, 23, 24, 25, 26, 27, 28, 30, 31, 33, 34, 35, 36, 37, 38, 39, 40, 41, 42, 43, 44, 45, 46, 47, 48, 49, 50, 51, 52, 53, 54, 55, 56, 57, 58, 59, 60, 61, 62, 64, 65, 66, 89, 119, 125, 126, 128, 132, 133, 139, 147, 179, 180, 186, 187, 188, 189, 190, 198, 202, 203, 204, 206, 207, 208, 209, 211, 213, 217, 218, 219, 223, 224, 226, 233, 234, 236, 238, 239, 241, 246, 247, 248, 249, 252, 253, 254, 255, 256, 257, 258, 259, 260, 261, 265, 267, 269, 274, 275, 277, 278, 279, 280, 281, 282, 283, 284, 285, 286, 287, 288, 289, 290, 291, 292, 293, 294, 295, 296, 297, 298, 299, 300, 301, 302, 303, 304, 305, 306, 307, 308, 309, 310, 311, 312, 313, 314, 315, 316, 317, 318, 319, 320, 321, 322, 323, 324, 325, 326, 327, 328, 329, 330, 331, 332, 333, 334, 335, 336, 337, 338, 339, 340, 341, 342, 343, 344, 345, 346, 347, 348, 349, 350, 351, 352, 353, 354, 355, 356, 357, 358, 359, 360, 361, 362, 363, 364, 365, 366, 367, 368, 369, 370, 371, 372, 373, 374, 375, 376, 377, 378, 379, 380, 381, 382, 383], [0, 1, 3, 4, 5, 6, 7, 8, 9, 10, 12, 13, 14, 15, 16, 17, 18, 19, 20, 21, 22, 23, 24, 25, 26, 27, 28, 30, 31, 33, 34, 35, 36, 37, 38, 39, 40, 41, 42, 43, 44, 45, 46, 47, 48, 49, 50, 51, 52, 53, 54, 55, 56, 57, 58, 59, 60, 61, 62, 64, 65, 66, 89, 119, 125, 126, 128, 132, 133, 139, 147, 179, 180, 186, 187, 188, 189, 190, 198, 202, 203, 204, 206, 207, 208, 209, 211, 213, 217, 218, 219, 223, 224, 226, 233, 234, 236, 238, 239, 241, 246, 247, 248, 249, 252, 253, 254, 255, 256, 257, 258, 259, 260, 261, 265, 267, 269, 274, 275, 277, 278, 279, 280, 281, 282, 283, 284, 285, 286, 287, 288, 289, 290, 291, 292, 293, 294, 295, 296, 297, 298, 299, 300, 301, 302, 303, 304, 305, 306, 307, 308, 309, 310, 311, 312, 313, 314, 315, 316, 317, 318, 319, 320, 321, 322, 323, 324, 325, 326, 327, 328, 329, 330, 331, 332, 333, 334, 335, 336, 337, 338, 339, 340, 341, 342, 343, 344, 345, 346, 347, 348, 349, 350, 351, 352, 353, 354, 355, 356, 357, 358, 359, 360, 361, 362, 363, 364, 365, 366, 367, 368, 369, 370, 371, 372, 373, 374, 375, 376, 377, 378, 379, 380, 381, 382, 383], [0, 1, 3, 4, 5, 6, 7, 8, 9, 10, 12, 13, 14, 15, 16, 17, 18, 19, 20, 21, 22, 23, 24, 25, 26, 27, 28, 30, 31, 33, 34, 35, 36, 37, 38, 39, 40, 41, 42, 43, 44, 45, 46, 47, 48, 49, 50, 51, 52, 53, 54, 55, 56, 57, 58, 59, 60, 61, 62, 64, 65, 66, 89, 119, 125, 126, 128, 132, 133, 139, 147, 179, 180, 186, 187, 188, 189, 190, 198, 202, 203, 204, 206, 207, 208, 209, 211, 213, 217, 218, 219, 223, 224, 226, 233, 234, 236, 238, 239, 241, 246, 247, 248, 249, 252, 253, 254, 255, 256, 257, 258, 259, 260, 261, 265, 267, 269, 274, 275, 277, 278, 279, 280, 281, 282, 283, 284, 285, 286, 287, 288, 289, 290, 291, 292, 293, 294, 295, 296, 297, 298, 299, 300, 301, 302, 303, 304, 305, 306, 307, 308, 309, 310, 311, 312, 313, 314, 315, 316, 317, 318, 319, 320, 321, 322, 323, 324, 325, 326, 327, 328, 329, 330, 331, 332, 333, 334, 335, 336, 337, 338, 339, 340, 341, 342, 343, 344, 345, 346, 347, 348, 349, 350, 351, 352, 353, 354, 355, 356, 357, 358, 359, 360, 361, 362, 363, 364, 365, 366, 367, 368, 369, 370, 371, 372, 373, 374, 375, 376, 377, 378, 379, 380, 381, 382, 383]]"
Girvan-Newman,L1,0.5,2.0,383.0,"[383, 1]",1.0,-4.2887054242341684e-09,0.4529498913785944,0.0013000908403897839,0.2328519364664926,,,"[[0, 1, 2, 3, 4, 5, 6, 7, 8, 9, 10, 11, 12, 13, 14, 15, 16, 17, 18, 19, 20, 21, 22, 23, 24, 25, 26, 27, 28, 29, 30, 31, 32, 33, 34, 35, 36, 37, 38, 39, 40, 41, 42, 43, 44, 45, 46, 47, 48, 49, 50, 51, 52, 53, 54, 55, 56, 57, 58, 59, 60, 61, 62, 63, 64, 65, 66, 67, 68, 69, 70, 71, 72, 73, 74, 75, 76, 77, 78, 79, 80, 81, 82, 83, 84, 85, 86, 87, 88, 89, 90, 91, 92, 93, 94, 95, 96, 97, 98, 99, 100, 101, 102, 103, 104, 105, 106, 107, 108, 109, 110, 111, 112, 113, 114, 115, 116, 117, 118, 119, 120, 121, 122, 123, 124, 125, 126, 127, 128, 129, 130, 131, 132, 133, 134, 135, 136, 137, 138, 139, 140, 141, 142, 143, 144, 145, 146, 147, 148, 149, 150, 151, 152, 153, 154, 155, 156, 157, 158, 159, 160, 161, 162, 163, 164, 165, 166, 167, 168, 169, 170, 171, 172, 173, 174, 175, 176, 177, 178, 179, 180, 181, 182, 183, 184, 185, 186, 187, 188, 189, 190, 191, 192, 193, 194, 195, 196, 197, 198, 199, 200, 201, 202, 203, 204, 205, 206, 207, 208, 209, 210, 211, 212, 213, 214, 215, 216, 217, 218, 219, 220, 221, 222, 223, 224, 225, 226, 227, 228, 229, 230, 231, 232, 233, 234, 235, 236, 237, 238, 239, 240, 241, 242, 243, 244, 245, 246, 247, 248, 249, 250, 251, 252, 253, 254, 255, 256, 257, 258, 259, 260, 261, 262, 263, 264, 265, 266, 267, 268, 269, 270, 271, 272, 273, 274, 275, 276, 277, 278, 279, 280, 281, 282, 283, 284, 285, 286, 287, 288, 289, 291, 292, 293, 294, 295, 296, 297, 298, 299, 300, 301, 302, 303, 304, 305, 306, 307, 308, 309, 310, 311, 312, 313, 314, 315, 316, 317, 318, 319, 320, 321, 322, 323, 324, 325, 326, 327, 328, 329, 330, 331, 332, 333, 334, 335, 336, 337, 338, 339, 340, 341, 342, 343, 344, 345, 346, 347, 348, 349, 350, 351, 352, 353, 354, 355, 356, 357, 358, 359, 360, 361, 362, 363, 364, 365, 366, 367, 368, 369, 370, 371, 372, 373, 374, 375, 376, 377, 378, 379, 380, 381, 382, 383], [290]]"
Girvan-Newman,L2,0.5,2.0,378.0,"[378, 5]",0.0,0.0002125673476503356,0.46333729960423,,,0.00041560214999897954,0.052062796641109896,"[[0, 1, 2, 3, 4, 5, 6, 7, 8, 9, 10, 11, 12, 13, 14, 15, 16, 17, 18, 19, 20, 21, 22, 23, 24, 25, 26, 27, 28, 29, 31, 32, 33, 34, 35, 36, 37, 38, 39, 40, 41, 42, 43, 44, 45, 46, 47, 48, 49, 50, 51, 52, 53, 54, 55, 56, 57, 58, 59, 60, 61, 62, 63, 64, 65, 66, 67, 68, 69, 70, 71, 72, 73, 74, 75, 76, 77, 78, 79, 80, 81, 82, 83, 84, 85, 86, 87, 88, 89, 90, 91, 92, 93, 94, 95, 96, 97, 98, 99, 100, 101, 102, 103, 104, 105, 106, 107, 108, 109, 110, 111, 112, 113, 114, 115, 116, 117, 118, 119, 120, 121, 122, 123, 124, 125, 126, 127, 128, 129, 130, 131, 132, 133, 134, 135, 136, 137, 138, 139, 140, 141, 142, 143, 144, 145, 146, 147, 148, 149, 150, 151, 152, 153, 154, 155, 156, 157, 158, 159, 160, 161, 162, 163, 164, 165, 166, 167, 168, 169, 170, 171, 172, 173, 174, 175, 176, 177, 178, 179, 180, 181, 182, 183, 184, 185, 186, 187, 188, 189, 190, 191, 192, 193, 194, 195, 196, 197, 198, 199, 200, 201, 202, 203, 204, 205, 206, 207, 208, 209, 210, 211, 212, 213, 214, 215, 216, 217, 218, 219, 220, 221, 222, 223, 224, 225, 226, 227, 228, 229, 230, 231, 232, 233, 234, 235, 236, 237, 238, 239, 240, 241, 242, 243, 244, 245, 246, 247, 248, 249, 250, 251, 252, 253, 254, 255, 256, 257, 258, 260, 261, 262, 263, 264, 265, 266, 267, 268, 269, 270, 271, 272, 273, 274, 275, 276, 277, 278, 279, 280, 281, 282, 283, 284, 285, 286, 287, 288, 289, 291, 292, 293, 294, 295, 296, 298, 299, 300, 301, 302, 303, 304, 305, 306, 307, 309, 310, 311, 312, 313, 314, 315, 316, 317, 318, 319, 320, 321, 322, 323, 324, 325, 326, 327, 328, 329, 330, 331, 332, 333, 334, 335, 336, 337, 338, 339, 340, 341, 342, 343, 344, 345, 346, 347, 348, 349, 350, 351, 352, 353, 354, 355, 356, 357, 358, 359, 360, 361, 362, 363, 364, 365, 366, 368, 369, 370, 371, 372, 373, 374, 375, 376, 377, 378, 379, 380, 381, 382, 383], [259, 297, 367, 308, 30]]"
Infomap,L1,0.5,6.0,162.0,"[162, 77, 70, 66, 7, 2]",0.0,0.4477478969359953,0.8193134370352593,0.483992899312547,0.8036743907745866,,,"[[2, 11, 29, 32, 63, 67, 68, 69, 70, 71, 72, 73, 74, 75, 76, 77, 78, 79, 80, 81, 82, 83, 84, 85, 86, 87, 88, 90, 91, 92, 93, 94, 95, 96, 97, 98, 99, 100, 101, 102, 103, 104, 105, 106, 107, 108, 109, 110, 111, 112, 113, 114, 115, 116, 117, 118, 120, 121, 122, 123, 124, 127, 129, 130, 131, 134, 135, 136, 137, 138, 139, 140, 141, 142, 143, 144, 145, 146, 148, 149, 150, 151, 152, 153, 154, 155, 156, 157, 158, 159, 160, 161, 162, 163, 164, 165, 166, 167, 168, 169, 170, 171, 172, 173, 174, 175, 176, 177, 178, 181, 182, 183, 184, 185, 191, 192, 193, 194, 195, 196, 197, 199, 200, 201, 202, 205, 208, 210, 212, 214, 215, 216, 220, 221, 222, 225, 227, 228, 229, 230, 231, 232, 235, 237, 240, 242, 243, 244, 245, 250, 251, 262, 263, 264, 265, 266, 268, 270, 271, 272, 273, 276], [3, 6, 8, 9, 31, 41, 42, 44, 55, 58, 65, 211, 267, 278, 281, 286, 289, 292, 293, 296, 310, 315, 316, 317, 319, 321, 329, 330, 332, 333, 334, 335, 336, 337, 338, 339, 340, 341, 342, 343, 344, 345, 346, 347, 348, 349, 350, 351, 352, 353, 354, 355, 357, 359, 360, 361, 362, 363, 364, 365, 366, 368, 369, 370, 371, 372, 373, 374, 375, 376, 377, 378, 379, 380, 381, 382, 383], [0, 1, 4, 5, 7, 10, 12, 13, 14, 15, 16, 17, 18, 19, 20, 21, 22, 23, 24, 25, 26, 27, 28, 33, 34, 35, 36, 37, 38, 39, 40, 43, 45, 46, 47, 48, 49, 50, 51, 52, 53, 54, 56, 57, 59, 60, 61, 62, 64, 89, 119, 125, 126, 128, 132, 133, 147, 179, 180, 186, 187, 188, 189, 190, 198, 236, 239, 274, 331, 356], [203, 204, 206, 207, 209, 213, 217, 218, 219, 223, 224, 226, 233, 234, 238, 241, 246, 247, 248, 249, 252, 253, 254, 255, 256, 257, 258, 260, 269, 275, 277, 279, 280, 282, 283, 284, 285, 287, 288, 291, 294, 295, 298, 299, 300, 301, 302, 303, 304, 305, 306, 307, 311, 312, 313, 314, 318, 320, 322, 323, 324, 325, 326, 327, 328, 358], [30, 259, 261, 297, 308, 309, 367], [66, 290]]"
Infomap,L2,0.5,5.0,162.0,"[162, 77, 70, 66, 7]",0.0,0.4428314210226279,0.8183674340878,,,0.10943688684972064,0.705732018985031,"[[2, 11, 29, 32, 63, 67, 68, 69, 70, 71, 72, 73, 74, 75, 76, 77, 78, 79, 80, 81, 82, 83, 84, 85, 86, 87, 88, 90, 91, 92, 93, 94, 95, 96, 97, 98, 99, 100, 101, 102, 103, 104, 105, 106, 107, 108, 109, 110, 111, 112, 113, 114, 115, 116, 117, 118, 120, 121, 122, 123, 124, 127, 129, 130, 131, 134, 135, 136, 137, 138, 139, 140, 141, 142, 143, 144, 145, 146, 148, 149, 150, 151, 152, 153, 154, 155, 156, 157, 158, 159, 160, 161, 162, 163, 164, 165, 166, 167, 168, 169, 170, 171, 172, 173, 174, 175, 176, 177, 178, 181, 182, 183, 184, 185, 191, 192, 193, 194, 195, 196, 197, 199, 200, 201, 202, 205, 208, 210, 212, 214, 215, 216, 220, 221, 222, 225, 227, 228, 229, 230, 231, 232, 235, 237, 240, 242, 243, 244, 245, 250, 251, 262, 263, 264, 265, 266, 268, 270, 271, 272, 273, 276], [3, 6, 8, 9, 31, 41, 42, 44, 55, 58, 65, 211, 267, 278, 281, 286, 289, 292, 293, 296, 310, 315, 316, 317, 319, 321, 329, 330, 332, 333, 334, 335, 336, 337, 338, 339, 340, 341, 342, 343, 344, 345, 346, 347, 348, 349, 350, 351, 352, 353, 354, 355, 357, 359, 360, 361, 362, 363, 364, 365, 366, 368, 369, 370, 371, 372, 373, 374, 375, 376, 377, 378, 379, 380, 381, 382, 383], [0, 1, 128, 4, 5, 132, 7, 133, 10, 12, 13, 14, 15, 16, 17, 18, 19, 20, 21, 22, 23, 24, 25, 26, 27, 28, 33, 34, 35, 36, 37, 38, 39, 40, 43, 45, 46, 47, 48, 49, 50, 51, 52, 53, 54, 179, 56, 57, 180, 59, 60, 61, 62, 186, 64, 187, 188, 189, 190, 198, 331, 89, 274, 147, 356, 236, 239, 119, 125, 126], [256, 257, 258, 260, 269, 275, 277, 279, 280, 282, 283, 284, 285, 287, 288, 291, 294, 295, 298, 299, 300, 301, 302, 303, 304, 305, 306, 307, 311, 312, 313, 314, 318, 320, 322, 323, 324, 325, 326, 327, 328, 203, 204, 206, 207, 209, 213, 217, 218, 219, 223, 224, 226, 358, 233, 234, 238, 241, 246, 247, 248, 249, 252, 253, 254, 255], [259, 261, 297, 367, 308, 309, 30]]"
Walktrap,L1,0.5,4.0,163.0,"[163, 89, 68, 64]",0.0,0.4465788347993041,0.7934410792680167,0.4655587569985877,0.79325772410792,,,"[[2, 11, 29, 32, 63, 67, 68, 69, 70, 71, 72, 73, 74, 75, 76, 77, 78, 79, 80, 81, 82, 83, 84, 85, 86, 87, 88, 90, 91, 92, 93, 94, 95, 96, 97, 98, 99, 100, 101, 102, 103, 104, 105, 106, 107, 108, 109, 110, 111, 112, 113, 114, 115, 116, 117, 118, 120, 121, 122, 123, 124, 127, 129, 130, 131, 134, 135, 136, 137, 138, 139, 140, 141, 142, 143, 144, 145, 146, 148, 149, 150, 151, 152, 153, 154, 155, 156, 157, 158, 159, 160, 161, 162, 163, 164, 165, 166, 167, 168, 169, 170, 171, 172, 173, 174, 175, 176, 177, 178, 181, 182, 183, 184, 185, 191, 192, 193, 194, 195, 196, 197, 199, 200, 201, 202, 205, 208, 210, 212, 214, 215, 216, 218, 220, 221, 222, 225, 227, 228, 229, 230, 231, 232, 235, 237, 240, 242, 243, 244, 245, 250, 251, 262, 263, 264, 265, 266, 268, 270, 271, 272, 273, 276], [3, 6, 7, 8, 9, 31, 41, 42, 44, 55, 58, 65, 66, 211, 224, 241, 267, 278, 281, 284, 286, 289, 290, 292, 293, 295, 296, 298, 300, 310, 314, 315, 316, 317, 318, 319, 321, 329, 330, 332, 333, 334, 335, 336, 337, 338, 339, 340, 341, 342, 343, 344, 345, 346, 347, 348, 349, 350, 351, 352, 353, 354, 355, 356, 357, 359, 360, 361, 362, 363, 364, 365, 366, 368, 369, 370, 371, 372, 373, 374, 375, 376, 377, 378, 379, 380, 381, 382, 383], [0, 1, 4, 5, 10, 12, 13, 14, 15, 16, 17, 18, 19, 20, 21, 22, 23, 24, 25, 26, 27, 28, 33, 34, 35, 36, 37, 38, 39, 40, 43, 45, 46, 47, 48, 49, 50, 51, 52, 53, 54, 56, 57, 59, 60, 61, 62, 64, 89, 119, 125, 126, 128, 132, 133, 147, 179, 180, 186, 187, 188, 189, 190, 198, 236, 239, 274, 331], [30, 203, 204, 206, 207, 209, 213, 217, 219, 223, 226, 233, 234, 238, 246, 247, 248, 249, 252, 253, 254, 255, 256, 257, 258, 259, 260, 261, 269, 275, 277, 279, 280, 282, 283, 285, 287, 288, 291, 294, 297, 299, 301, 302, 303, 304, 305, 306, 307, 308, 309, 311, 312, 313, 320, 322, 323, 324, 325, 326, 327, 328, 358, 367]]"
Walktrap,L2,0.5,22.0,78.0,"[78, 67, 52, 44, 43, 43, 18, 15, 9, 3, 1, 1, 1, 1, 1, 1, 1, 1, 1, 1, 1, 1]",12.0,0.2913139571962047,0.910323790524589,,,0.11421063195155026,0.8470244614822928,"[[2, 63, 67, 68, 69, 72, 74, 76, 77, 80, 81, 83, 84, 86, 87, 88, 92, 93, 94, 96, 97, 98, 99, 101, 106, 108, 109, 112, 113, 116, 122, 123, 127, 130, 131, 134, 135, 138, 141, 142, 144, 145, 146, 148, 149, 150, 151, 152, 153, 155, 156, 157, 160, 162, 163, 171, 172, 174, 175, 177, 181, 182, 183, 191, 196, 197, 199, 200, 201, 215, 235, 242, 245, 250, 263, 266, 271, 276], [11, 29, 32, 70, 71, 73, 75, 78, 79, 82, 85, 90, 91, 95, 100, 102, 103, 104, 105, 107, 110, 111, 114, 115, 117, 118, 120, 121, 136, 137, 140, 143, 154, 158, 159, 161, 164, 165, 166, 168, 169, 170, 173, 176, 178, 184, 185, 192, 193, 194, 195, 210, 212, 214, 220, 221, 222, 225, 228, 229, 243, 244, 251, 262, 264, 268, 272], [0, 1, 4, 5, 132, 133, 10, 12, 13, 14, 15, 16, 17, 18, 19, 20, 22, 23, 26, 27, 28, 33, 34, 35, 36, 37, 38, 39, 40, 43, 45, 46, 47, 49, 51, 52, 53, 54, 179, 180, 59, 61, 64, 189, 198, 331, 89, 274, 147, 236, 125, 126], [211, 224, 241, 267, 278, 281, 284, 289, 293, 295, 296, 298, 300, 310, 314, 315, 316, 317, 318, 319, 321, 329, 330, 333, 336, 337, 338, 339, 340, 341, 342, 343, 345, 347, 348, 349, 353, 369, 370, 372, 373, 375, 377, 381], [3, 6, 7, 8, 9, 31, 41, 42, 44, 55, 58, 65, 286, 292, 332, 334, 335, 344, 346, 350, 351, 352, 354, 355, 356, 357, 359, 360, 361, 362, 363, 364, 365, 366, 368, 371, 374, 376, 378, 379, 380, 382, 383], [256, 257, 258, 275, 277, 279, 280, 282, 283, 285, 287, 288, 294, 301, 302, 304, 305, 311, 312, 313, 323, 324, 325, 327, 203, 204, 206, 207, 209, 213, 217, 223, 226, 358, 233, 234, 238, 246, 247, 249, 252, 254, 255], [124, 129, 139, 167, 202, 205, 208, 216, 218, 227, 230, 231, 232, 237, 240, 265, 270, 273], [128, 21, 24, 25, 48, 50, 56, 57, 60, 62, 186, 187, 188, 190, 119], [269, 291, 303, 306, 307, 322, 328, 219, 248], [320, 326, 253], [66], [290], [239], [259], [260], [261], [30], [297], [299], [308], [309], [367]]"
Spinglass,L1,0.5,4.0,155.0,"[155, 153, 75, 1]",1.0,0.448847953941872,0.7253879537250306,0.3757468115828611,0.7358572671888599,,,"[[3, 6, 8, 9, 30, 31, 41, 42, 44, 55, 58, 66, 124, 139, 202, 203, 204, 206, 207, 208, 209, 211, 213, 217, 218, 219, 223, 224, 226, 233, 234, 238, 241, 246, 247, 248, 249, 252, 253, 254, 255, 256, 257, 258, 259, 260, 261, 265, 267, 269, 275, 277, 278, 279, 280, 281, 282, 283, 284, 285, 286, 287, 288, 289, 291, 292, 293, 294, 295, 296, 297, 298, 299, 300, 301, 302, 303, 304, 305, 306, 307, 308, 309, 310, 311, 312, 313, 314, 315, 316, 317, 318, 319, 320, 321, 322, 323, 324, 325, 326, 327, 328, 329, 330, 332, 333, 334, 335, 336, 337, 338, 339, 340, 341, 342, 343, 344, 345, 346, 347, 348, 349, 350, 351, 352, 353, 354, 355, 357, 358, 359, 360, 361, 362, 363, 364, 365, 366, 367, 368, 369, 370, 371, 372, 373, 374, 375, 376, 377, 378, 379, 380, 381, 382, 383], [2, 11, 29, 32, 67, 68, 69, 70, 71, 72, 73, 74, 75, 76, 77, 78, 79, 80, 81, 82, 83, 84, 85, 86, 87, 88, 90, 91, 92, 93, 94, 95, 96, 97, 98, 99, 100, 101, 102, 103, 104, 105, 106, 107, 108, 109, 110, 111, 112, 113, 114, 115, 116, 117, 118, 120, 121, 122, 123, 127, 129, 130, 131, 134, 135, 136, 137, 138, 140, 141, 142, 143, 144, 145, 146, 149, 150, 151, 152, 153, 154, 155, 156, 157, 158, 159, 160, 161, 162, 163, 164, 165, 166, 167, 168, 169, 170, 171, 173, 174, 175, 176, 178, 181, 182, 183, 184, 185, 191, 192, 193, 194, 195, 196, 197, 199, 200, 201, 205, 210, 212, 214, 215, 216, 220, 221, 222, 225, 227, 228, 229, 230, 231, 232, 235, 237, 240, 242, 243, 244, 245, 250, 251, 262, 263, 264, 266, 268, 270, 271, 272, 273, 276], [0, 1, 4, 5, 7, 10, 12, 13, 14, 15, 16, 17, 18, 19, 20, 21, 22, 23, 24, 25, 26, 27, 28, 33, 34, 35, 36, 37, 38, 39, 40, 43, 45, 46, 47, 48, 49, 50, 51, 52, 53, 54, 56, 57, 59, 60, 61, 62, 63, 64, 65, 89, 119, 125, 126, 128, 132, 133, 147, 148, 172, 177, 179, 180, 186, 187, 188, 189, 190, 198, 236, 239, 274, 331, 356], [290]]"
Spinglass,L2,0.5,9.0,75.0,"[75, 75, 72, 64, 32, 29, 17, 14, 5]",0.0,0.3239552373563035,0.875379422527359,,,0.1254351707502054,0.8300109529025191,"[[3, 6, 8, 9, 31, 41, 42, 44, 55, 58, 66, 267, 278, 281, 286, 289, 292, 293, 296, 310, 315, 316, 317, 321, 329, 330, 332, 333, 334, 335, 336, 337, 338, 339, 340, 341, 342, 343, 344, 345, 346, 347, 348, 349, 350, 351, 352, 353, 354, 355, 357, 359, 360, 361, 362, 363, 364, 365, 366, 368, 369, 370, 371, 372, 373, 374, 375, 376, 377, 378, 379, 380, 381, 382, 383], [124, 139, 202, 203, 204, 206, 207, 208, 209, 211, 213, 217, 218, 219, 223, 224, 226, 233, 234, 238, 241, 246, 247, 248, 249, 252, 253, 254, 255, 256, 257, 258, 260, 261, 265, 269, 275, 277, 279, 280, 282, 283, 284, 285, 287, 288, 291, 294, 295, 298, 299, 300, 301, 302, 303, 304, 305, 306, 307, 309, 311, 312, 313, 314, 318, 319, 320, 322, 323, 324, 325, 326, 327, 328, 358], [2, 67, 68, 69, 72, 74, 75, 76, 77, 78, 79, 80, 81, 83, 86, 88, 91, 92, 94, 95, 96, 98, 99, 101, 102, 103, 106, 108, 109, 111, 112, 113, 116, 118, 120, 122, 123, 127, 131, 135, 136, 137, 142, 144, 145, 146, 149, 150, 151, 152, 153, 156, 157, 159, 160, 161, 163, 171, 174, 175, 176, 182, 183, 196, 197, 199, 215, 228, 235, 242, 262, 276], [11, 29, 32, 70, 71, 73, 82, 85, 90, 100, 105, 107, 110, 114, 115, 117, 121, 129, 140, 141, 143, 154, 155, 158, 165, 166, 167, 168, 169, 170, 173, 178, 184, 185, 192, 193, 194, 195, 205, 210, 212, 214, 216, 220, 221, 222, 225, 227, 229, 230, 231, 232, 237, 240, 243, 244, 250, 251, 263, 264, 270, 271, 272, 273], [0, 1, 4, 5, 7, 12, 13, 14, 16, 17, 19, 20, 26, 33, 34, 36, 39, 40, 43, 46, 47, 49, 51, 53, 54, 59, 65, 189, 331, 274, 147, 126], [128, 133, 10, 15, 18, 21, 23, 24, 25, 27, 28, 35, 37, 48, 50, 52, 56, 57, 60, 61, 62, 186, 187, 188, 190, 356, 236, 239, 119], [84, 87, 93, 97, 104, 130, 134, 138, 162, 164, 181, 191, 200, 201, 245, 266, 268], [132, 180, 22, 148, 38, 172, 45, 177, 179, 63, 64, 198, 89, 125], [30, 259, 297, 308, 367]]"
